-- phpMyAdmin SQL Dump
-- version 5.2.0
-- https://www.phpmyadmin.net/
--
-- Host: localhost:3306
-- Generation Time: Apr 29, 2024 at 03:24 AM
-- Server version: 8.0.30
-- PHP Version: 8.1.10

SET SQL_MODE = "NO_AUTO_VALUE_ON_ZERO";
START TRANSACTION;
SET time_zone = "+00:00";


/*!40101 SET @OLD_CHARACTER_SET_CLIENT=@@CHARACTER_SET_CLIENT */;
/*!40101 SET @OLD_CHARACTER_SET_RESULTS=@@CHARACTER_SET_RESULTS */;
/*!40101 SET @OLD_COLLATION_CONNECTION=@@COLLATION_CONNECTION */;
/*!40101 SET NAMES utf8mb4 */;

--
-- Database: `monitoringkbmsintia`
--

-- --------------------------------------------------------

--
-- Table structure for table `event_jadwal_mengajar`
--

CREATE TABLE `event_jadwal_mengajar` (
  `id` bigint UNSIGNED NOT NULL,
  `title` varchar(255) COLLATE utf8mb4_unicode_ci NOT NULL,
  `start` datetime NOT NULL,
  `end` datetime NOT NULL,
  `created_at` timestamp NULL DEFAULT NULL,
  `updated_at` timestamp NULL DEFAULT NULL
) ENGINE=InnoDB DEFAULT CHARSET=utf8mb4 COLLATE=utf8mb4_unicode_ci;

--
-- Dumping data for table `event_jadwal_mengajar`
--

INSERT INTO `event_jadwal_mengajar` (`id`, `title`, `start`, `end`, `created_at`, `updated_at`) VALUES
(10, 'ddpk', '2024-01-01 11:00:00', '2024-01-01 16:00:00', '2024-02-20 17:19:50', '2024-02-20 17:19:50'),
(11, 'ddpk', '2024-01-08 11:00:00', '2024-01-08 16:00:00', '2024-02-20 17:19:50', '2024-02-20 17:19:50'),
(12, 'ddpk', '2024-01-15 11:00:00', '2024-01-15 16:00:00', '2024-02-20 17:19:50', '2024-02-20 17:19:50'),
(13, 'ddpk', '2024-01-22 11:00:00', '2024-01-22 16:00:00', '2024-02-20 17:19:51', '2024-02-20 17:19:51'),
(14, 'ddpk', '2024-01-29 11:00:00', '2024-01-29 16:00:00', '2024-02-20 17:19:51', '2024-02-20 17:19:51'),
(15, 'ddpk', '2024-02-05 11:00:00', '2024-02-05 16:00:00', '2024-02-20 17:19:51', '2024-02-20 17:19:51'),
(16, 'ddpk', '2024-02-12 11:00:00', '2024-02-12 16:00:00', '2024-02-20 17:19:51', '2024-02-20 17:19:51'),
(17, 'ddpk', '2024-02-19 11:00:00', '2024-02-19 16:00:00', '2024-02-20 17:19:51', '2024-02-20 17:19:51'),
(18, 'ddpk', '2024-02-26 11:00:00', '2024-02-26 16:00:00', '2024-02-20 17:19:51', '2024-02-20 17:19:51'),
(19, 'pjok', '2024-01-01 08:15:00', '2024-01-01 10:30:00', '2024-02-20 17:20:20', '2024-02-20 17:20:20'),
(20, 'pjok', '2024-01-08 08:15:00', '2024-01-08 10:30:00', '2024-02-20 17:20:20', '2024-02-20 17:20:20'),
(21, 'pjok', '2024-01-15 08:15:00', '2024-01-15 10:30:00', '2024-02-20 17:20:20', '2024-02-20 17:20:20'),
(22, 'pjok', '2024-01-22 08:15:00', '2024-01-22 10:30:00', '2024-02-20 17:20:20', '2024-02-20 17:20:20'),
(23, 'pjok', '2024-01-29 08:15:00', '2024-01-29 10:30:00', '2024-02-20 17:20:20', '2024-02-20 17:20:20'),
(24, 'pjok', '2024-02-05 08:15:00', '2024-02-05 10:30:00', '2024-02-20 17:20:20', '2024-02-20 17:20:20'),
(25, 'pjok', '2024-02-12 08:15:00', '2024-02-12 10:30:00', '2024-02-20 17:20:20', '2024-02-20 17:20:20'),
(26, 'pjok', '2024-02-19 08:15:00', '2024-02-19 10:30:00', '2024-02-20 17:20:20', '2024-02-20 17:20:20'),
(27, 'pjok', '2024-02-26 08:15:00', '2024-02-26 10:30:00', '2024-02-20 17:20:20', '2024-02-20 17:20:20'),
(28, 'bindo', '2024-01-02 07:30:00', '2024-01-02 10:30:00', '2024-02-20 17:21:17', '2024-02-20 17:21:17'),
(29, 'bindo', '2024-01-09 07:30:00', '2024-01-09 10:30:00', '2024-02-20 17:21:17', '2024-02-20 17:21:17'),
(30, 'bindo', '2024-01-16 07:30:00', '2024-01-16 10:30:00', '2024-02-20 17:21:17', '2024-02-20 17:21:17'),
(31, 'bindo', '2024-01-23 07:30:00', '2024-01-23 10:30:00', '2024-02-20 17:21:17', '2024-02-20 17:21:17'),
(32, 'bindo', '2024-01-30 07:30:00', '2024-01-30 10:30:00', '2024-02-20 17:21:17', '2024-02-20 17:21:17'),
(33, 'bindo', '2024-02-06 07:30:00', '2024-02-06 10:30:00', '2024-02-20 17:21:17', '2024-02-20 17:21:17'),
(34, 'bindo', '2024-02-13 07:30:00', '2024-02-13 10:30:00', '2024-02-20 17:21:17', '2024-02-20 17:21:17'),
(35, 'bindo', '2024-02-20 07:30:00', '2024-02-20 10:30:00', '2024-02-20 17:21:17', '2024-02-20 17:21:17'),
(36, 'bindo', '2024-02-27 07:30:00', '2024-02-27 10:30:00', '2024-02-20 17:21:17', '2024-02-20 17:21:17'),
(37, 'mtk', '2024-01-02 11:00:00', '2024-01-02 16:00:00', '2024-02-20 17:21:52', '2024-02-20 17:21:52'),
(38, 'mtk', '2024-01-09 11:00:00', '2024-01-09 16:00:00', '2024-02-20 17:21:52', '2024-02-20 17:21:52'),
(39, 'mtk', '2024-01-16 11:00:00', '2024-01-16 16:00:00', '2024-02-20 17:21:52', '2024-02-20 17:21:52'),
(40, 'mtk', '2024-01-23 11:00:00', '2024-01-23 16:00:00', '2024-02-20 17:21:52', '2024-02-20 17:21:52'),
(41, 'mtk', '2024-01-30 11:00:00', '2024-01-30 16:00:00', '2024-02-20 17:21:52', '2024-02-20 17:21:52'),
(42, 'mtk', '2024-02-06 11:00:00', '2024-02-06 16:00:00', '2024-02-20 17:21:52', '2024-02-20 17:21:52'),
(43, 'mtk', '2024-02-13 11:00:00', '2024-02-13 16:00:00', '2024-02-20 17:21:52', '2024-02-20 17:21:52'),
(44, 'mtk', '2024-02-20 11:00:00', '2024-02-20 16:00:00', '2024-02-20 17:21:52', '2024-02-20 17:21:52'),
(45, 'mtk', '2024-02-27 11:00:00', '2024-02-27 16:00:00', '2024-02-20 17:21:52', '2024-02-20 17:21:52'),
(46, 'bing', '2024-01-03 07:30:00', '2024-01-03 10:30:00', '2024-02-20 17:23:02', '2024-02-20 17:23:02'),
(47, 'bing', '2024-01-10 07:30:00', '2024-01-10 10:30:00', '2024-02-20 17:23:02', '2024-02-20 17:23:02'),
(48, 'bing', '2024-01-17 07:30:00', '2024-01-17 10:30:00', '2024-02-20 17:23:02', '2024-02-20 17:23:02'),
(49, 'bing', '2024-01-24 07:30:00', '2024-01-24 10:30:00', '2024-02-20 17:23:02', '2024-02-20 17:23:02'),
(50, 'bing', '2024-01-31 07:30:00', '2024-01-31 10:30:00', '2024-02-20 17:23:02', '2024-02-20 17:23:02'),
(51, 'bing', '2024-02-07 07:30:00', '2024-02-07 10:30:00', '2024-02-20 17:23:02', '2024-02-20 17:23:02'),
(52, 'bing', '2024-02-14 07:30:00', '2024-02-14 10:30:00', '2024-02-20 17:23:03', '2024-02-20 17:23:03'),
(53, 'bing', '2024-02-21 07:30:00', '2024-02-21 10:30:00', '2024-02-20 17:23:03', '2024-02-20 17:23:03'),
(54, 'bing', '2024-02-28 07:30:00', '2024-02-28 10:30:00', '2024-02-20 17:23:03', '2024-02-20 17:23:03'),
(55, 'proyekIpas', '2024-01-03 11:00:00', '2024-01-03 13:45:00', '2024-02-20 17:23:36', '2024-02-20 17:23:36'),
(56, 'proyekIpas', '2024-01-10 11:00:00', '2024-01-10 13:45:00', '2024-02-20 17:23:36', '2024-02-20 17:23:36'),
(57, 'proyekIpas', '2024-01-17 11:00:00', '2024-01-17 13:45:00', '2024-02-20 17:23:36', '2024-02-20 17:23:36'),
(58, 'proyekIpas', '2024-01-24 11:00:00', '2024-01-24 13:45:00', '2024-02-20 17:23:36', '2024-02-20 17:23:36'),
(59, 'proyekIpas', '2024-01-31 11:00:00', '2024-01-31 13:45:00', '2024-02-20 17:23:36', '2024-02-20 17:23:36'),
(60, 'proyekIpas', '2024-02-07 11:00:00', '2024-02-07 13:45:00', '2024-02-20 17:23:36', '2024-02-20 17:23:36'),
(61, 'proyekIpas', '2024-02-14 11:00:00', '2024-02-14 13:45:00', '2024-02-20 17:23:36', '2024-02-20 17:23:36'),
(62, 'proyekIpas', '2024-02-21 11:00:00', '2024-02-21 13:45:00', '2024-02-20 17:23:36', '2024-02-20 17:23:36'),
(63, 'proyekIpas', '2024-02-28 11:00:00', '2024-02-28 13:45:00', '2024-02-20 17:23:36', '2024-02-20 17:23:36'),
(64, 'PAI', '2024-01-03 13:45:00', '2024-01-03 16:00:00', '2024-02-20 17:35:06', '2024-02-20 17:35:06'),
(65, 'PAI', '2024-01-10 13:45:00', '2024-01-10 16:00:00', '2024-02-20 17:35:06', '2024-02-20 17:35:06'),
(66, 'PAI', '2024-01-17 13:45:00', '2024-01-17 16:00:00', '2024-02-20 17:35:06', '2024-02-20 17:35:06'),
(67, 'PAI', '2024-01-24 13:45:00', '2024-01-24 16:00:00', '2024-02-20 17:35:06', '2024-02-20 17:35:06'),
(68, 'PAI', '2024-01-31 13:45:00', '2024-01-31 16:00:00', '2024-02-20 17:35:06', '2024-02-20 17:35:06'),
(69, 'PAI', '2024-02-07 13:45:00', '2024-02-07 16:00:00', '2024-02-20 17:35:06', '2024-02-20 17:35:06'),
(70, 'PAI', '2024-02-14 13:45:00', '2024-02-14 16:00:00', '2024-02-20 17:35:06', '2024-02-20 17:35:06'),
(71, 'PAI', '2024-02-21 13:45:00', '2024-02-21 16:00:00', '2024-02-20 17:35:06', '2024-02-20 17:35:06'),
(72, 'PAI', '2024-02-28 13:45:00', '2024-02-28 16:00:00', '2024-02-20 17:35:06', '2024-02-20 17:35:06'),
(73, 'informatika', '2024-01-04 07:30:00', '2024-01-04 10:30:00', '2024-02-20 17:36:03', '2024-02-20 17:36:03'),
(74, 'informatika', '2024-01-11 07:30:00', '2024-01-11 10:30:00', '2024-02-20 17:36:03', '2024-02-20 17:36:03'),
(75, 'informatika', '2024-01-18 07:30:00', '2024-01-18 10:30:00', '2024-02-20 17:36:03', '2024-02-20 17:36:03'),
(76, 'informatika', '2024-01-25 07:30:00', '2024-01-25 10:30:00', '2024-02-20 17:36:03', '2024-02-20 17:36:03'),
(77, 'informatika', '2024-02-01 07:30:00', '2024-02-01 10:30:00', '2024-02-20 17:36:03', '2024-02-20 17:36:03'),
(78, 'informatika', '2024-02-08 07:30:00', '2024-02-08 10:30:00', '2024-02-20 17:36:03', '2024-02-20 17:36:03'),
(79, 'informatika', '2024-02-15 07:30:00', '2024-02-15 10:30:00', '2024-02-20 17:36:03', '2024-02-20 17:36:03'),
(80, 'informatika', '2024-02-22 07:30:00', '2024-02-22 10:30:00', '2024-02-20 17:36:03', '2024-02-20 17:36:03'),
(81, 'informatika', '2024-02-29 07:30:00', '2024-02-29 10:30:00', '2024-02-20 17:36:03', '2024-02-20 17:36:03'),
(82, 'ddpk', '2024-01-04 11:00:00', '2024-01-04 16:00:00', '2024-02-20 17:36:53', '2024-02-20 17:36:53'),
(83, 'ddpk', '2024-01-11 11:00:00', '2024-01-11 16:00:00', '2024-02-20 17:36:53', '2024-02-20 17:36:53'),
(84, 'ddpk', '2024-01-18 11:00:00', '2024-01-18 16:00:00', '2024-02-20 17:36:53', '2024-02-20 17:36:53'),
(85, 'ddpk', '2024-01-25 11:00:00', '2024-01-25 16:00:00', '2024-02-20 17:36:53', '2024-02-20 17:36:53'),
(86, 'ddpk', '2024-02-01 11:00:00', '2024-02-01 16:00:00', '2024-02-20 17:36:53', '2024-02-20 17:36:53'),
(87, 'ddpk', '2024-02-08 11:00:00', '2024-02-08 16:00:00', '2024-02-20 17:36:53', '2024-02-20 17:36:53'),
(88, 'ddpk', '2024-02-15 11:00:00', '2024-02-15 16:00:00', '2024-02-20 17:36:53', '2024-02-20 17:36:53'),
(89, 'ddpk', '2024-02-22 11:00:00', '2024-02-22 16:00:00', '2024-02-20 17:36:53', '2024-02-20 17:36:53'),
(90, 'ddpk', '2024-02-29 11:00:00', '2024-02-29 16:00:00', '2024-02-20 17:36:53', '2024-02-20 17:36:53'),
(91, 'proyekIpas', '2024-01-05 08:15:00', '2024-01-05 10:30:00', '2024-02-20 17:37:31', '2024-02-20 17:37:31'),
(92, 'proyekIpas', '2024-01-12 08:15:00', '2024-01-12 10:30:00', '2024-02-20 17:37:31', '2024-02-20 17:37:31'),
(93, 'proyekIpas', '2024-01-19 08:15:00', '2024-01-19 10:30:00', '2024-02-20 17:37:31', '2024-02-20 17:37:31'),
(94, 'proyekIpas', '2024-01-26 08:15:00', '2024-01-26 10:30:00', '2024-02-20 17:37:31', '2024-02-20 17:37:31'),
(95, 'proyekIpas', '2024-02-02 08:15:00', '2024-02-02 10:30:00', '2024-02-20 17:37:31', '2024-02-20 17:37:31'),
(96, 'proyekIpas', '2024-02-09 08:15:00', '2024-02-09 10:30:00', '2024-02-20 17:37:31', '2024-02-20 17:37:31'),
(97, 'proyekIpas', '2024-02-16 08:15:00', '2024-02-16 10:30:00', '2024-02-20 17:37:31', '2024-02-20 17:37:31'),
(98, 'proyekIpas', '2024-02-23 08:15:00', '2024-02-23 10:30:00', '2024-02-20 17:37:31', '2024-02-20 17:37:31'),
(99, 'proyekIpas', '2024-03-01 08:15:00', '2024-03-01 10:30:00', '2024-02-20 17:37:31', '2024-02-20 17:37:31'),
(100, 'pkn', '2024-01-05 10:30:00', '2024-01-05 11:45:00', '2024-02-20 17:38:03', '2024-02-20 17:38:03'),
(101, 'pkn', '2024-01-12 10:30:00', '2024-01-12 11:45:00', '2024-02-20 17:38:03', '2024-02-20 17:38:03'),
(102, 'pkn', '2024-01-19 10:30:00', '2024-01-19 11:45:00', '2024-02-20 17:38:03', '2024-02-20 17:38:03'),
(103, 'pkn', '2024-01-26 10:30:00', '2024-01-26 11:45:00', '2024-02-20 17:38:03', '2024-02-20 17:38:03'),
(104, 'pkn', '2024-02-02 10:30:00', '2024-02-02 11:45:00', '2024-02-20 17:38:03', '2024-02-20 17:38:03'),
(105, 'pkn', '2024-02-09 10:30:00', '2024-02-09 11:45:00', '2024-02-20 17:38:03', '2024-02-20 17:38:03'),
(106, 'pkn', '2024-02-16 10:30:00', '2024-02-16 11:45:00', '2024-02-20 17:38:03', '2024-02-20 17:38:03'),
(107, 'pkn', '2024-02-23 10:30:00', '2024-02-23 11:45:00', '2024-02-20 17:38:03', '2024-02-20 17:38:03'),
(108, 'pkn', '2024-03-01 10:30:00', '2024-03-01 11:45:00', '2024-02-20 17:38:03', '2024-02-20 17:38:03'),
(109, 'keminangkabauan', '2024-01-05 15:00:00', '2024-01-05 16:30:00', '2024-02-20 17:39:24', '2024-02-20 17:39:24'),
(110, 'keminangkabauan', '2024-01-12 15:00:00', '2024-01-12 16:30:00', '2024-02-20 17:39:24', '2024-02-20 17:39:24'),
(111, 'keminangkabauan', '2024-01-19 15:00:00', '2024-01-19 16:30:00', '2024-02-20 17:39:24', '2024-02-20 17:39:24'),
(112, 'keminangkabauan', '2024-01-26 15:00:00', '2024-01-26 16:30:00', '2024-02-20 17:39:24', '2024-02-20 17:39:24'),
(113, 'keminangkabauan', '2024-02-02 15:00:00', '2024-02-02 16:30:00', '2024-02-20 17:39:24', '2024-02-20 17:39:24'),
(114, 'keminangkabauan', '2024-02-09 15:00:00', '2024-02-09 16:30:00', '2024-02-20 17:39:24', '2024-02-20 17:39:24'),
(115, 'keminangkabauan', '2024-02-16 15:00:00', '2024-02-16 16:30:00', '2024-02-20 17:39:24', '2024-02-20 17:39:24'),
(116, 'keminangkabauan', '2024-02-23 15:00:00', '2024-02-23 16:30:00', '2024-02-20 17:39:24', '2024-02-20 17:39:24'),
(117, 'keminangkabauan', '2024-03-01 15:00:00', '2024-03-01 16:30:00', '2024-02-20 17:39:24', '2024-02-20 17:39:24'),
(118, 'sejarah', '2024-01-05 13:30:00', '2024-01-05 15:00:00', '2024-02-20 17:40:55', '2024-02-20 17:40:55'),
(119, 'sejarah', '2024-01-12 13:30:00', '2024-01-12 15:00:00', '2024-02-20 17:40:55', '2024-02-20 17:40:55'),
(120, 'sejarah', '2024-01-19 13:30:00', '2024-01-19 15:00:00', '2024-02-20 17:40:55', '2024-02-20 17:40:55'),
(121, 'sejarah', '2024-01-26 13:30:00', '2024-01-26 15:00:00', '2024-02-20 17:40:55', '2024-02-20 17:40:55'),
(122, 'sejarah', '2024-02-02 13:30:00', '2024-02-02 15:00:00', '2024-02-20 17:40:55', '2024-02-20 17:40:55'),
(123, 'sejarah', '2024-02-09 13:30:00', '2024-02-09 15:00:00', '2024-02-20 17:40:55', '2024-02-20 17:40:55'),
(124, 'sejarah', '2024-02-16 13:30:00', '2024-02-16 15:00:00', '2024-02-20 17:40:55', '2024-02-20 17:40:55'),
(125, 'sejarah', '2024-02-23 13:30:00', '2024-02-23 15:00:00', '2024-02-20 17:40:55', '2024-02-20 17:40:55'),
(126, 'sejarah', '2024-03-01 13:30:00', '2024-03-01 15:00:00', '2024-02-20 17:40:55', '2024-02-20 17:40:55'),
(127, 'proyekIpas', '2024-01-01 08:15:00', '2024-01-01 10:30:00', '2024-02-20 17:43:40', '2024-02-20 17:43:40'),
(128, 'proyekIpas', '2024-01-08 08:15:00', '2024-01-08 10:30:00', '2024-02-20 17:43:40', '2024-02-20 17:43:40'),
(129, 'proyekIpas', '2024-01-15 08:15:00', '2024-01-15 10:30:00', '2024-02-20 17:43:40', '2024-02-20 17:43:40'),
(130, 'proyekIpas', '2024-01-22 08:15:00', '2024-01-22 10:30:00', '2024-02-20 17:43:40', '2024-02-20 17:43:40'),
(131, 'proyekIpas', '2024-01-29 08:15:00', '2024-01-29 10:30:00', '2024-02-20 17:43:40', '2024-02-20 17:43:40'),
(132, 'proyekIpas', '2024-02-05 08:15:00', '2024-02-05 10:30:00', '2024-02-20 17:43:40', '2024-02-20 17:43:40'),
(133, 'proyekIpas', '2024-02-12 08:15:00', '2024-02-12 10:30:00', '2024-02-20 17:43:40', '2024-02-20 17:43:40'),
(134, 'proyekIpas', '2024-02-19 08:15:00', '2024-02-19 10:30:00', '2024-02-20 17:43:40', '2024-02-20 17:43:40'),
(135, 'proyekIpas', '2024-02-26 08:15:00', '2024-02-26 10:30:00', '2024-02-20 17:43:40', '2024-02-20 17:43:40'),
(136, 'pjok', '2024-01-01 11:00:00', '2024-01-01 13:00:00', '2024-02-20 17:44:11', '2024-02-20 17:44:11'),
(137, 'pjok', '2024-01-08 11:00:00', '2024-01-08 13:00:00', '2024-02-20 17:44:11', '2024-02-20 17:44:11'),
(138, 'pjok', '2024-01-15 11:00:00', '2024-01-15 13:00:00', '2024-02-20 17:44:11', '2024-02-20 17:44:11'),
(139, 'pjok', '2024-01-22 11:00:00', '2024-01-22 13:00:00', '2024-02-20 17:44:11', '2024-02-20 17:44:11'),
(140, 'pjok', '2024-01-29 11:00:00', '2024-01-29 13:00:00', '2024-02-20 17:44:11', '2024-02-20 17:44:11'),
(141, 'pjok', '2024-02-05 11:00:00', '2024-02-05 13:00:00', '2024-02-20 17:44:11', '2024-02-20 17:44:11'),
(142, 'pjok', '2024-02-12 11:00:00', '2024-02-12 13:00:00', '2024-02-20 17:44:11', '2024-02-20 17:44:11'),
(143, 'pjok', '2024-02-19 11:00:00', '2024-02-19 13:00:00', '2024-02-20 17:44:11', '2024-02-20 17:44:11'),
(144, 'pjok', '2024-02-26 11:00:00', '2024-02-26 13:00:00', '2024-02-20 17:44:11', '2024-02-20 17:44:11'),
(145, 'PAI', '2024-01-01 13:45:00', '2024-01-01 16:00:00', '2024-02-20 17:44:38', '2024-02-20 17:44:38'),
(146, 'PAI', '2024-01-08 13:45:00', '2024-01-08 16:00:00', '2024-02-20 17:44:38', '2024-02-20 17:44:38'),
(147, 'PAI', '2024-01-15 13:45:00', '2024-01-15 16:00:00', '2024-02-20 17:44:38', '2024-02-20 17:44:38'),
(148, 'PAI', '2024-01-22 13:45:00', '2024-01-22 16:00:00', '2024-02-20 17:44:38', '2024-02-20 17:44:38'),
(149, 'PAI', '2024-01-29 13:45:00', '2024-01-29 16:00:00', '2024-02-20 17:44:38', '2024-02-20 17:44:38'),
(150, 'PAI', '2024-02-05 13:45:00', '2024-02-05 16:00:00', '2024-02-20 17:44:38', '2024-02-20 17:44:38'),
(151, 'PAI', '2024-02-12 13:45:00', '2024-02-12 16:00:00', '2024-02-20 17:44:38', '2024-02-20 17:44:38'),
(152, 'PAI', '2024-02-19 13:45:00', '2024-02-19 16:00:00', '2024-02-20 17:44:38', '2024-02-20 17:44:38'),
(153, 'PAI', '2024-02-26 13:45:00', '2024-02-26 16:00:00', '2024-02-20 17:44:38', '2024-02-20 17:44:38'),
(154, 'ddpk', '2024-01-02 07:30:00', '2024-01-02 12:30:00', '2024-02-20 17:48:11', '2024-02-20 17:48:11'),
(155, 'ddpk', '2024-01-09 07:30:00', '2024-01-09 12:30:00', '2024-02-20 17:48:11', '2024-02-20 17:48:11'),
(156, 'ddpk', '2024-01-16 07:30:00', '2024-01-16 12:30:00', '2024-02-20 17:48:11', '2024-02-20 17:48:11'),
(157, 'ddpk', '2024-01-23 07:30:00', '2024-01-23 12:30:00', '2024-02-20 17:48:11', '2024-02-20 17:48:11'),
(158, 'ddpk', '2024-01-30 07:30:00', '2024-01-30 12:30:00', '2024-02-20 17:48:11', '2024-02-20 17:48:11'),
(159, 'ddpk', '2024-02-06 07:30:00', '2024-02-06 12:30:00', '2024-02-20 17:48:11', '2024-02-20 17:48:11'),
(160, 'ddpk', '2024-02-13 07:30:00', '2024-02-13 12:30:00', '2024-02-20 17:48:11', '2024-02-20 17:48:11'),
(161, 'ddpk', '2024-02-20 07:30:00', '2024-02-20 12:30:00', '2024-02-20 17:48:11', '2024-02-20 17:48:11'),
(162, 'ddpk', '2024-02-27 07:30:00', '2024-02-27 12:30:00', '2024-02-20 17:48:11', '2024-02-20 17:48:11'),
(163, 'bing', '2024-01-02 13:00:00', '2024-01-02 16:00:00', '2024-02-20 17:52:53', '2024-02-20 17:52:53'),
(164, 'bing', '2024-01-09 13:00:00', '2024-01-09 16:00:00', '2024-02-20 17:52:53', '2024-02-20 17:52:53'),
(165, 'bing', '2024-01-16 13:00:00', '2024-01-16 16:00:00', '2024-02-20 17:52:53', '2024-02-20 17:52:53'),
(166, 'bing', '2024-01-23 13:00:00', '2024-01-23 16:00:00', '2024-02-20 17:52:53', '2024-02-20 17:52:53'),
(167, 'bing', '2024-01-30 13:00:00', '2024-01-30 16:00:00', '2024-02-20 17:52:53', '2024-02-20 17:52:53'),
(168, 'bing', '2024-02-06 13:00:00', '2024-02-06 16:00:00', '2024-02-20 17:52:53', '2024-02-20 17:52:53'),
(169, 'bing', '2024-02-13 13:00:00', '2024-02-13 16:00:00', '2024-02-20 17:52:53', '2024-02-20 17:52:53'),
(170, 'bing', '2024-02-20 13:00:00', '2024-02-20 16:00:00', '2024-02-20 17:52:53', '2024-02-20 17:52:53'),
(171, 'bing', '2024-02-27 13:00:00', '2024-02-27 16:00:00', '2024-02-20 17:52:53', '2024-02-20 17:52:53'),
(172, 'pjok', '2024-01-01 14:30:00', '2024-01-01 16:00:00', '2024-02-22 08:41:30', '2024-02-22 08:41:30'),
(173, 'pjok', '2024-01-08 14:30:00', '2024-01-08 16:00:00', '2024-02-22 08:41:30', '2024-02-22 08:41:30'),
(174, 'pjok', '2024-01-15 14:30:00', '2024-01-15 16:00:00', '2024-02-22 08:41:30', '2024-02-22 08:41:30'),
(175, 'pjok', '2024-01-22 14:30:00', '2024-01-22 16:00:00', '2024-02-22 08:41:30', '2024-02-22 08:41:30'),
(176, 'pjok', '2024-01-29 14:30:00', '2024-01-29 16:00:00', '2024-02-22 08:41:30', '2024-02-22 08:41:30'),
(177, 'pjok', '2024-02-05 14:30:00', '2024-02-05 16:00:00', '2024-02-22 08:41:30', '2024-02-22 08:41:30'),
(178, 'pjok', '2024-02-12 14:30:00', '2024-02-12 16:00:00', '2024-02-22 08:41:30', '2024-02-22 08:41:30'),
(179, 'pjok', '2024-02-19 14:30:00', '2024-02-19 16:00:00', '2024-02-22 08:41:30', '2024-02-22 08:41:30'),
(180, 'pjok', '2024-02-26 14:30:00', '2024-02-26 16:00:00', '2024-02-22 08:41:30', '2024-02-22 08:41:30');

-- --------------------------------------------------------

--
-- Table structure for table `event_jadwal_piket_guru`
--

CREATE TABLE `event_jadwal_piket_guru` (
  `id` bigint UNSIGNED NOT NULL,
  `title` varchar(255) COLLATE utf8mb4_unicode_ci NOT NULL,
  `start` datetime NOT NULL,
  `end` datetime NOT NULL,
  `created_at` timestamp NULL DEFAULT NULL,
  `updated_at` timestamp NULL DEFAULT NULL
) ENGINE=InnoDB DEFAULT CHARSET=utf8mb4 COLLATE=utf8mb4_unicode_ci;

-- --------------------------------------------------------

--
-- Table structure for table `failed_jobs`
--

CREATE TABLE `failed_jobs` (
  `id` bigint UNSIGNED NOT NULL,
  `uuid` varchar(255) COLLATE utf8mb4_unicode_ci NOT NULL,
  `connection` text COLLATE utf8mb4_unicode_ci NOT NULL,
  `queue` text COLLATE utf8mb4_unicode_ci NOT NULL,
  `payload` longtext COLLATE utf8mb4_unicode_ci NOT NULL,
  `exception` longtext COLLATE utf8mb4_unicode_ci NOT NULL,
  `failed_at` timestamp NOT NULL DEFAULT CURRENT_TIMESTAMP
) ENGINE=InnoDB DEFAULT CHARSET=utf8mb4 COLLATE=utf8mb4_unicode_ci;

-- --------------------------------------------------------

--
-- Table structure for table `guru_mapel`
--

CREATE TABLE `guru_mapel` (
  `id` bigint UNSIGNED NOT NULL,
  `users_id` bigint UNSIGNED NOT NULL,
  `mapel_id` bigint UNSIGNED NOT NULL,
  `kelas_id` bigint UNSIGNED NOT NULL,
  `semester` varchar(255) COLLATE utf8mb4_unicode_ci DEFAULT NULL,
  `tahun` year DEFAULT NULL,
  `created_at` timestamp NULL DEFAULT NULL,
  `updated_at` timestamp NULL DEFAULT NULL
) ENGINE=InnoDB DEFAULT CHARSET=utf8mb4 COLLATE=utf8mb4_unicode_ci;

--
-- Dumping data for table `guru_mapel`
--

INSERT INTO `guru_mapel` (`id`, `users_id`, `mapel_id`, `kelas_id`, `semester`, `tahun`, `created_at`, `updated_at`) VALUES
(1, 3, 1, 1, NULL, NULL, '2024-02-20 11:50:42', '2024-02-20 11:50:42'),
(2, 4, 2, 1, NULL, NULL, '2024-02-20 11:50:58', '2024-02-20 11:50:58'),
(3, 5, 3, 1, NULL, NULL, '2024-02-20 11:51:11', '2024-02-20 11:51:11'),
(4, 6, 4, 1, NULL, NULL, '2024-02-20 11:51:24', '2024-02-20 11:51:24'),
(5, 7, 5, 1, NULL, NULL, '2024-02-20 11:51:39', '2024-02-20 11:51:39'),
(6, 8, 6, 1, NULL, NULL, '2024-02-20 11:51:51', '2024-02-20 11:51:51'),
(7, 9, 7, 1, NULL, NULL, '2024-02-20 11:52:26', '2024-02-20 11:52:26'),
(8, 10, 8, 1, NULL, NULL, '2024-02-20 11:52:40', '2024-02-20 11:52:40'),
(9, 11, 9, 1, NULL, NULL, '2024-02-20 11:52:50', '2024-02-20 11:52:50'),
(10, 12, 2, 1, NULL, NULL, '2024-02-20 11:53:27', '2024-02-20 11:53:27'),
(11, 13, 7, 1, NULL, NULL, '2024-02-20 11:53:54', '2024-02-20 11:53:54'),
(12, 14, 10, 1, NULL, NULL, '2024-02-20 11:54:08', '2024-02-20 11:54:08'),
(13, 5, 12, 1, NULL, NULL, '2024-02-20 11:55:10', '2024-02-20 11:55:10'),
(14, 13, 7, 2, NULL, NULL, '2024-02-20 11:55:43', '2024-02-20 11:55:43'),
(15, 3, 1, 2, NULL, NULL, '2024-02-20 17:03:43', '2024-02-20 17:03:43'),
(16, 10, 8, 2, NULL, NULL, '2024-02-20 17:04:03', '2024-02-20 17:04:03'),
(17, 4, 2, 2, NULL, NULL, '2024-02-20 17:07:33', '2024-02-20 17:07:33'),
(18, 16, 6, 2, NULL, NULL, '2024-02-20 17:08:00', '2024-02-20 17:08:00'),
(19, 5, 3, 2, NULL, NULL, '2024-02-20 17:08:14', '2024-02-20 17:08:14'),
(20, 12, 2, 2, NULL, NULL, '2024-02-20 17:08:28', '2024-02-20 17:08:28'),
(21, 14, 10, 2, NULL, NULL, '2024-02-20 17:08:41', '2024-02-20 17:08:41'),
(22, 7, 5, 2, NULL, NULL, '2024-02-20 17:08:57', '2024-02-20 17:08:57'),
(23, 15, 11, 2, NULL, NULL, '2024-02-20 17:09:11', '2024-02-20 17:09:11'),
(24, 11, 9, 2, NULL, NULL, '2024-02-20 17:09:39', '2024-02-20 17:09:39'),
(25, 9, 7, 2, NULL, NULL, '2024-02-20 17:09:53', '2024-02-20 17:09:53'),
(26, 15, 12, 2, NULL, NULL, '2024-02-20 17:10:40', '2024-02-20 17:10:40'),
(27, 6, 4, 2, NULL, NULL, '2024-02-20 17:10:53', '2024-02-20 17:10:53'),
(28, 15, 11, 1, NULL, NULL, '2024-02-20 17:40:21', '2024-02-20 17:40:21'),
(29, 3, 1, 7, NULL, NULL, '2024-02-22 08:41:01', '2024-02-22 08:41:01');

-- --------------------------------------------------------

--
-- Table structure for table `jadwal_mengajar`
--

CREATE TABLE `jadwal_mengajar` (
  `id` bigint UNSIGNED NOT NULL,
  `guru_mapel_id` bigint UNSIGNED NOT NULL,
  `event_jadwal_mengajar_id` bigint UNSIGNED NOT NULL,
  `kelas_id` bigint UNSIGNED NOT NULL,
  `tanggal_mulai` date NOT NULL,
  `tanggal_selesai` date NOT NULL,
  `created_at` timestamp NULL DEFAULT NULL,
  `updated_at` timestamp NULL DEFAULT NULL
) ENGINE=InnoDB DEFAULT CHARSET=utf8mb4 COLLATE=utf8mb4_unicode_ci;

--
-- Dumping data for table `jadwal_mengajar`
--

INSERT INTO `jadwal_mengajar` (`id`, `guru_mapel_id`, `event_jadwal_mengajar_id`, `kelas_id`, `tanggal_mulai`, `tanggal_selesai`, `created_at`, `updated_at`) VALUES
(10, 2, 10, 1, '2024-01-01', '2024-03-02', '2024-02-20 17:19:50', '2024-02-20 17:19:50'),
(11, 2, 11, 1, '2024-01-08', '2024-03-02', '2024-02-20 17:19:50', '2024-02-20 17:19:50'),
(12, 2, 12, 1, '2024-01-15', '2024-03-02', '2024-02-20 17:19:50', '2024-02-20 17:19:50'),
(13, 2, 13, 1, '2024-01-22', '2024-03-02', '2024-02-20 17:19:51', '2024-02-20 17:19:51'),
(14, 2, 14, 1, '2024-01-29', '2024-03-02', '2024-02-20 17:19:51', '2024-02-20 17:19:51'),
(15, 2, 15, 1, '2024-02-05', '2024-03-02', '2024-02-20 17:19:51', '2024-02-20 17:19:51'),
(16, 2, 16, 1, '2024-02-12', '2024-03-02', '2024-02-20 17:19:51', '2024-02-20 17:19:51'),
(17, 2, 17, 1, '2024-02-19', '2024-03-02', '2024-02-20 17:19:51', '2024-02-20 17:19:51'),
(18, 2, 18, 1, '2024-02-26', '2024-03-02', '2024-02-20 17:19:51', '2024-02-20 17:19:51'),
(19, 1, 19, 1, '2024-01-01', '2024-03-02', '2024-02-20 17:20:20', '2024-02-20 17:20:20'),
(20, 1, 20, 1, '2024-01-08', '2024-03-02', '2024-02-20 17:20:20', '2024-02-20 17:20:20'),
(21, 1, 21, 1, '2024-01-15', '2024-03-02', '2024-02-20 17:20:20', '2024-02-20 17:20:20'),
(22, 1, 22, 1, '2024-01-22', '2024-03-02', '2024-02-20 17:20:20', '2024-02-20 17:20:20'),
(23, 1, 23, 1, '2024-01-29', '2024-03-02', '2024-02-20 17:20:20', '2024-02-20 17:20:20'),
(24, 1, 24, 1, '2024-02-05', '2024-03-02', '2024-02-20 17:20:20', '2024-02-20 17:20:20'),
(25, 1, 25, 1, '2024-02-12', '2024-03-02', '2024-02-20 17:20:20', '2024-02-20 17:20:20'),
(26, 1, 26, 1, '2024-02-19', '2024-03-02', '2024-02-20 17:20:20', '2024-02-20 17:20:20'),
(27, 1, 27, 1, '2024-02-26', '2024-03-02', '2024-02-20 17:20:20', '2024-02-20 17:20:20'),
(28, 3, 28, 1, '2024-01-02', '2024-03-02', '2024-02-20 17:21:17', '2024-02-20 17:21:17'),
(29, 3, 29, 1, '2024-01-09', '2024-03-02', '2024-02-20 17:21:17', '2024-02-20 17:21:17'),
(30, 3, 30, 1, '2024-01-16', '2024-03-02', '2024-02-20 17:21:17', '2024-02-20 17:21:17'),
(31, 3, 31, 1, '2024-01-23', '2024-03-02', '2024-02-20 17:21:17', '2024-02-20 17:21:17'),
(32, 3, 32, 1, '2024-01-30', '2024-03-02', '2024-02-20 17:21:17', '2024-02-20 17:21:17'),
(33, 3, 33, 1, '2024-02-06', '2024-03-02', '2024-02-20 17:21:17', '2024-02-20 17:21:17'),
(34, 3, 34, 1, '2024-02-13', '2024-03-02', '2024-02-20 17:21:17', '2024-02-20 17:21:17'),
(35, 3, 35, 1, '2024-02-20', '2024-03-02', '2024-02-20 17:21:17', '2024-02-20 17:21:17'),
(36, 3, 36, 1, '2024-02-27', '2024-03-02', '2024-02-20 17:21:17', '2024-02-20 17:21:17'),
(37, 4, 37, 1, '2024-01-02', '2024-03-02', '2024-02-20 17:21:52', '2024-02-20 17:21:52'),
(38, 4, 38, 1, '2024-01-09', '2024-03-02', '2024-02-20 17:21:52', '2024-02-20 17:21:52'),
(39, 4, 39, 1, '2024-01-16', '2024-03-02', '2024-02-20 17:21:52', '2024-02-20 17:21:52'),
(40, 4, 40, 1, '2024-01-23', '2024-03-02', '2024-02-20 17:21:52', '2024-02-20 17:21:52'),
(41, 4, 41, 1, '2024-01-30', '2024-03-02', '2024-02-20 17:21:52', '2024-02-20 17:21:52'),
(42, 4, 42, 1, '2024-02-06', '2024-03-02', '2024-02-20 17:21:52', '2024-02-20 17:21:52'),
(43, 4, 43, 1, '2024-02-13', '2024-03-02', '2024-02-20 17:21:52', '2024-02-20 17:21:52'),
(44, 4, 44, 1, '2024-02-20', '2024-03-02', '2024-02-20 17:21:52', '2024-02-20 17:21:52'),
(45, 4, 45, 1, '2024-02-27', '2024-03-02', '2024-02-20 17:21:52', '2024-02-20 17:21:52'),
(46, 6, 46, 1, '2024-01-03', '2024-03-02', '2024-02-20 17:23:02', '2024-02-20 17:23:02'),
(47, 6, 47, 1, '2024-01-10', '2024-03-02', '2024-02-20 17:23:02', '2024-02-20 17:23:02'),
(48, 6, 48, 1, '2024-01-17', '2024-03-02', '2024-02-20 17:23:02', '2024-02-20 17:23:02'),
(49, 6, 49, 1, '2024-01-24', '2024-03-02', '2024-02-20 17:23:02', '2024-02-20 17:23:02'),
(50, 6, 50, 1, '2024-01-31', '2024-03-02', '2024-02-20 17:23:02', '2024-02-20 17:23:02'),
(51, 6, 51, 1, '2024-02-07', '2024-03-02', '2024-02-20 17:23:02', '2024-02-20 17:23:02'),
(52, 6, 52, 1, '2024-02-14', '2024-03-02', '2024-02-20 17:23:03', '2024-02-20 17:23:03'),
(53, 6, 53, 1, '2024-02-21', '2024-03-02', '2024-02-20 17:23:03', '2024-02-20 17:23:03'),
(54, 6, 54, 1, '2024-02-28', '2024-03-02', '2024-02-20 17:23:03', '2024-02-20 17:23:03'),
(55, 7, 55, 1, '2024-01-03', '2024-03-02', '2024-02-20 17:23:36', '2024-02-20 17:23:36'),
(56, 7, 56, 1, '2024-01-10', '2024-03-02', '2024-02-20 17:23:36', '2024-02-20 17:23:36'),
(57, 7, 57, 1, '2024-01-17', '2024-03-02', '2024-02-20 17:23:36', '2024-02-20 17:23:36'),
(58, 7, 58, 1, '2024-01-24', '2024-03-02', '2024-02-20 17:23:36', '2024-02-20 17:23:36'),
(59, 7, 59, 1, '2024-01-31', '2024-03-02', '2024-02-20 17:23:36', '2024-02-20 17:23:36'),
(60, 7, 60, 1, '2024-02-07', '2024-03-02', '2024-02-20 17:23:36', '2024-02-20 17:23:36'),
(61, 7, 61, 1, '2024-02-14', '2024-03-02', '2024-02-20 17:23:36', '2024-02-20 17:23:36'),
(62, 7, 62, 1, '2024-02-21', '2024-03-02', '2024-02-20 17:23:36', '2024-02-20 17:23:36'),
(63, 7, 63, 1, '2024-02-28', '2024-03-02', '2024-02-20 17:23:36', '2024-02-20 17:23:36'),
(64, 8, 64, 1, '2024-01-03', '2024-03-02', '2024-02-20 17:35:06', '2024-02-20 17:35:06'),
(65, 8, 65, 1, '2024-01-10', '2024-03-02', '2024-02-20 17:35:06', '2024-02-20 17:35:06'),
(66, 8, 66, 1, '2024-01-17', '2024-03-02', '2024-02-20 17:35:06', '2024-02-20 17:35:06'),
(67, 8, 67, 1, '2024-01-24', '2024-03-02', '2024-02-20 17:35:06', '2024-02-20 17:35:06'),
(68, 8, 68, 1, '2024-01-31', '2024-03-02', '2024-02-20 17:35:06', '2024-02-20 17:35:06'),
(69, 8, 69, 1, '2024-02-07', '2024-03-02', '2024-02-20 17:35:06', '2024-02-20 17:35:06'),
(70, 8, 70, 1, '2024-02-14', '2024-03-02', '2024-02-20 17:35:06', '2024-02-20 17:35:06'),
(71, 8, 71, 1, '2024-02-21', '2024-03-02', '2024-02-20 17:35:06', '2024-02-20 17:35:06'),
(72, 8, 72, 1, '2024-02-28', '2024-03-02', '2024-02-20 17:35:06', '2024-02-20 17:35:06'),
(73, 9, 73, 1, '2024-01-04', '2024-03-02', '2024-02-20 17:36:03', '2024-02-20 17:36:03'),
(74, 9, 74, 1, '2024-01-11', '2024-03-02', '2024-02-20 17:36:03', '2024-02-20 17:36:03'),
(75, 9, 75, 1, '2024-01-18', '2024-03-02', '2024-02-20 17:36:03', '2024-02-20 17:36:03'),
(76, 9, 76, 1, '2024-01-25', '2024-03-02', '2024-02-20 17:36:03', '2024-02-20 17:36:03'),
(77, 9, 77, 1, '2024-02-01', '2024-03-02', '2024-02-20 17:36:03', '2024-02-20 17:36:03'),
(78, 9, 78, 1, '2024-02-08', '2024-03-02', '2024-02-20 17:36:03', '2024-02-20 17:36:03'),
(79, 9, 79, 1, '2024-02-15', '2024-03-02', '2024-02-20 17:36:03', '2024-02-20 17:36:03'),
(80, 9, 80, 1, '2024-02-22', '2024-03-02', '2024-02-20 17:36:03', '2024-02-20 17:36:03'),
(81, 9, 81, 1, '2024-02-29', '2024-03-02', '2024-02-20 17:36:03', '2024-02-20 17:36:03'),
(82, 10, 82, 1, '2024-01-04', '2024-03-02', '2024-02-20 17:36:53', '2024-02-20 17:36:53'),
(83, 10, 83, 1, '2024-01-11', '2024-03-02', '2024-02-20 17:36:53', '2024-02-20 17:36:53'),
(84, 10, 84, 1, '2024-01-18', '2024-03-02', '2024-02-20 17:36:53', '2024-02-20 17:36:53'),
(85, 10, 85, 1, '2024-01-25', '2024-03-02', '2024-02-20 17:36:53', '2024-02-20 17:36:53'),
(86, 10, 86, 1, '2024-02-01', '2024-03-02', '2024-02-20 17:36:53', '2024-02-20 17:36:53'),
(87, 10, 87, 1, '2024-02-08', '2024-03-02', '2024-02-20 17:36:53', '2024-02-20 17:36:53'),
(88, 10, 88, 1, '2024-02-15', '2024-03-02', '2024-02-20 17:36:53', '2024-02-20 17:36:53'),
(89, 10, 89, 1, '2024-02-22', '2024-03-02', '2024-02-20 17:36:53', '2024-02-20 17:36:53'),
(90, 10, 90, 1, '2024-02-29', '2024-03-02', '2024-02-20 17:36:53', '2024-02-20 17:36:53'),
(91, 11, 91, 1, '2024-01-05', '2024-03-02', '2024-02-20 17:37:31', '2024-02-20 17:37:31'),
(92, 11, 92, 1, '2024-01-12', '2024-03-02', '2024-02-20 17:37:31', '2024-02-20 17:37:31'),
(93, 11, 93, 1, '2024-01-19', '2024-03-02', '2024-02-20 17:37:31', '2024-02-20 17:37:31'),
(94, 11, 94, 1, '2024-01-26', '2024-03-02', '2024-02-20 17:37:31', '2024-02-20 17:37:31'),
(95, 11, 95, 1, '2024-02-02', '2024-03-02', '2024-02-20 17:37:31', '2024-02-20 17:37:31'),
(96, 11, 96, 1, '2024-02-09', '2024-03-02', '2024-02-20 17:37:31', '2024-02-20 17:37:31'),
(97, 11, 97, 1, '2024-02-16', '2024-03-02', '2024-02-20 17:37:31', '2024-02-20 17:37:31'),
(98, 11, 98, 1, '2024-02-23', '2024-03-02', '2024-02-20 17:37:31', '2024-02-20 17:37:31'),
(99, 11, 99, 1, '2024-03-01', '2024-03-02', '2024-02-20 17:37:31', '2024-02-20 17:37:31'),
(100, 12, 100, 1, '2024-01-05', '2024-03-02', '2024-02-20 17:38:03', '2024-02-20 17:38:03'),
(101, 12, 101, 1, '2024-01-12', '2024-03-02', '2024-02-20 17:38:03', '2024-02-20 17:38:03'),
(102, 12, 102, 1, '2024-01-19', '2024-03-02', '2024-02-20 17:38:03', '2024-02-20 17:38:03'),
(103, 12, 103, 1, '2024-01-26', '2024-03-02', '2024-02-20 17:38:03', '2024-02-20 17:38:03'),
(104, 12, 104, 1, '2024-02-02', '2024-03-02', '2024-02-20 17:38:03', '2024-02-20 17:38:03'),
(105, 12, 105, 1, '2024-02-09', '2024-03-02', '2024-02-20 17:38:03', '2024-02-20 17:38:03'),
(106, 12, 106, 1, '2024-02-16', '2024-03-02', '2024-02-20 17:38:03', '2024-02-20 17:38:03'),
(107, 12, 107, 1, '2024-02-23', '2024-03-02', '2024-02-20 17:38:03', '2024-02-20 17:38:03'),
(108, 12, 108, 1, '2024-03-01', '2024-03-02', '2024-02-20 17:38:03', '2024-02-20 17:38:03'),
(109, 13, 109, 1, '2024-01-05', '2024-03-02', '2024-02-20 17:39:24', '2024-02-20 17:39:24'),
(110, 13, 110, 1, '2024-01-12', '2024-03-02', '2024-02-20 17:39:24', '2024-02-20 17:39:24'),
(111, 13, 111, 1, '2024-01-19', '2024-03-02', '2024-02-20 17:39:24', '2024-02-20 17:39:24'),
(112, 13, 112, 1, '2024-01-26', '2024-03-02', '2024-02-20 17:39:24', '2024-02-20 17:39:24'),
(113, 13, 113, 1, '2024-02-02', '2024-03-02', '2024-02-20 17:39:24', '2024-02-20 17:39:24'),
(114, 13, 114, 1, '2024-02-09', '2024-03-02', '2024-02-20 17:39:24', '2024-02-20 17:39:24'),
(115, 13, 115, 1, '2024-02-16', '2024-03-02', '2024-02-20 17:39:24', '2024-02-20 17:39:24'),
(116, 13, 116, 1, '2024-02-23', '2024-03-02', '2024-02-20 17:39:24', '2024-02-20 17:39:24'),
(117, 13, 117, 1, '2024-03-01', '2024-03-02', '2024-02-20 17:39:24', '2024-02-20 17:39:24'),
(118, 28, 118, 1, '2024-01-05', '2024-03-02', '2024-02-20 17:40:55', '2024-02-20 17:40:55'),
(119, 28, 119, 1, '2024-01-12', '2024-03-02', '2024-02-20 17:40:55', '2024-02-20 17:40:55'),
(120, 28, 120, 1, '2024-01-19', '2024-03-02', '2024-02-20 17:40:55', '2024-02-20 17:40:55'),
(121, 28, 121, 1, '2024-01-26', '2024-03-02', '2024-02-20 17:40:55', '2024-02-20 17:40:55'),
(122, 28, 122, 1, '2024-02-02', '2024-03-02', '2024-02-20 17:40:55', '2024-02-20 17:40:55'),
(123, 28, 123, 1, '2024-02-09', '2024-03-02', '2024-02-20 17:40:55', '2024-02-20 17:40:55'),
(124, 28, 124, 1, '2024-02-16', '2024-03-02', '2024-02-20 17:40:55', '2024-02-20 17:40:55'),
(125, 28, 125, 1, '2024-02-23', '2024-03-02', '2024-02-20 17:40:55', '2024-02-20 17:40:55'),
(126, 28, 126, 1, '2024-03-01', '2024-03-02', '2024-02-20 17:40:55', '2024-02-20 17:40:55'),
(127, 14, 127, 2, '2024-01-01', '2024-03-02', '2024-02-20 17:43:40', '2024-02-20 17:43:40'),
(128, 14, 128, 2, '2024-01-08', '2024-03-02', '2024-02-20 17:43:40', '2024-02-20 17:43:40'),
(129, 14, 129, 2, '2024-01-15', '2024-03-02', '2024-02-20 17:43:40', '2024-02-20 17:43:40'),
(130, 14, 130, 2, '2024-01-22', '2024-03-02', '2024-02-20 17:43:40', '2024-02-20 17:43:40'),
(131, 14, 131, 2, '2024-01-29', '2024-03-02', '2024-02-20 17:43:40', '2024-02-20 17:43:40'),
(132, 14, 132, 2, '2024-02-05', '2024-03-02', '2024-02-20 17:43:40', '2024-02-20 17:43:40'),
(133, 14, 133, 2, '2024-02-12', '2024-03-02', '2024-02-20 17:43:40', '2024-02-20 17:43:40'),
(134, 14, 134, 2, '2024-02-19', '2024-03-02', '2024-02-20 17:43:40', '2024-02-20 17:43:40'),
(135, 14, 135, 2, '2024-02-26', '2024-03-02', '2024-02-20 17:43:40', '2024-02-20 17:43:40'),
(136, 15, 136, 2, '2024-01-01', '2024-03-02', '2024-02-20 17:44:11', '2024-02-20 17:44:11'),
(137, 15, 137, 2, '2024-01-08', '2024-03-02', '2024-02-20 17:44:11', '2024-02-20 17:44:11'),
(138, 15, 138, 2, '2024-01-15', '2024-03-02', '2024-02-20 17:44:11', '2024-02-20 17:44:11'),
(139, 15, 139, 2, '2024-01-22', '2024-03-02', '2024-02-20 17:44:11', '2024-02-20 17:44:11'),
(140, 15, 140, 2, '2024-01-29', '2024-03-02', '2024-02-20 17:44:11', '2024-02-20 17:44:11'),
(141, 15, 141, 2, '2024-02-05', '2024-03-02', '2024-02-20 17:44:11', '2024-02-20 17:44:11'),
(142, 15, 142, 2, '2024-02-12', '2024-03-02', '2024-02-20 17:44:11', '2024-02-20 17:44:11'),
(143, 15, 143, 2, '2024-02-19', '2024-03-02', '2024-02-20 17:44:11', '2024-02-20 17:44:11'),
(144, 15, 144, 2, '2024-02-26', '2024-03-02', '2024-02-20 17:44:11', '2024-02-20 17:44:11'),
(145, 16, 145, 2, '2024-01-01', '2024-03-02', '2024-02-20 17:44:38', '2024-02-20 17:44:38'),
(146, 16, 146, 2, '2024-01-08', '2024-03-02', '2024-02-20 17:44:38', '2024-02-20 17:44:38'),
(147, 16, 147, 2, '2024-01-15', '2024-03-02', '2024-02-20 17:44:38', '2024-02-20 17:44:38'),
(148, 16, 148, 2, '2024-01-22', '2024-03-02', '2024-02-20 17:44:38', '2024-02-20 17:44:38'),
(149, 16, 149, 2, '2024-01-29', '2024-03-02', '2024-02-20 17:44:38', '2024-02-20 17:44:38'),
(150, 16, 150, 2, '2024-02-05', '2024-03-02', '2024-02-20 17:44:38', '2024-02-20 17:44:38'),
(151, 16, 151, 2, '2024-02-12', '2024-03-02', '2024-02-20 17:44:38', '2024-02-20 17:44:38'),
(152, 16, 152, 2, '2024-02-19', '2024-03-02', '2024-02-20 17:44:38', '2024-02-20 17:44:38'),
(153, 16, 153, 2, '2024-02-26', '2024-03-02', '2024-02-20 17:44:38', '2024-02-20 17:44:38'),
(154, 17, 154, 2, '2024-01-02', '2024-03-02', '2024-02-20 17:48:11', '2024-02-20 17:48:11'),
(155, 17, 155, 2, '2024-01-09', '2024-03-02', '2024-02-20 17:48:11', '2024-02-20 17:48:11'),
(156, 17, 156, 2, '2024-01-16', '2024-03-02', '2024-02-20 17:48:11', '2024-02-20 17:48:11'),
(157, 17, 157, 2, '2024-01-23', '2024-03-02', '2024-02-20 17:48:11', '2024-02-20 17:48:11'),
(158, 17, 158, 2, '2024-01-30', '2024-03-02', '2024-02-20 17:48:11', '2024-02-20 17:48:11'),
(159, 17, 159, 2, '2024-02-06', '2024-03-02', '2024-02-20 17:48:11', '2024-02-20 17:48:11'),
(160, 17, 160, 2, '2024-02-13', '2024-03-02', '2024-02-20 17:48:11', '2024-02-20 17:48:11'),
(161, 17, 161, 2, '2024-02-20', '2024-03-02', '2024-02-20 17:48:11', '2024-02-20 17:48:11'),
(162, 17, 162, 2, '2024-02-27', '2024-03-02', '2024-02-20 17:48:11', '2024-02-20 17:48:11'),
(163, 18, 163, 2, '2024-01-02', '2024-03-02', '2024-02-20 17:52:53', '2024-02-20 17:52:53'),
(164, 18, 164, 2, '2024-01-09', '2024-03-02', '2024-02-20 17:52:53', '2024-02-20 17:52:53'),
(165, 18, 165, 2, '2024-01-16', '2024-03-02', '2024-02-20 17:52:53', '2024-02-20 17:52:53'),
(166, 18, 166, 2, '2024-01-23', '2024-03-02', '2024-02-20 17:52:53', '2024-02-20 17:52:53'),
(167, 18, 167, 2, '2024-01-30', '2024-03-02', '2024-02-20 17:52:53', '2024-02-20 17:52:53'),
(168, 18, 168, 2, '2024-02-06', '2024-03-02', '2024-02-20 17:52:53', '2024-02-20 17:52:53'),
(169, 18, 169, 2, '2024-02-13', '2024-03-02', '2024-02-20 17:52:53', '2024-02-20 17:52:53'),
(170, 18, 170, 2, '2024-02-20', '2024-03-02', '2024-02-20 17:52:53', '2024-02-20 17:52:53'),
(171, 18, 171, 2, '2024-02-27', '2024-03-02', '2024-02-20 17:52:53', '2024-02-20 17:52:53'),
(172, 29, 172, 7, '2024-01-01', '2024-03-02', '2024-02-22 08:41:30', '2024-02-22 08:41:30'),
(173, 29, 173, 7, '2024-01-08', '2024-03-02', '2024-02-22 08:41:30', '2024-02-22 08:41:30'),
(174, 29, 174, 7, '2024-01-15', '2024-03-02', '2024-02-22 08:41:30', '2024-02-22 08:41:30'),
(175, 29, 175, 7, '2024-01-22', '2024-03-02', '2024-02-22 08:41:30', '2024-02-22 08:41:30'),
(176, 29, 176, 7, '2024-01-29', '2024-03-02', '2024-02-22 08:41:30', '2024-02-22 08:41:30'),
(177, 29, 177, 7, '2024-02-05', '2024-03-02', '2024-02-22 08:41:30', '2024-02-22 08:41:30'),
(178, 29, 178, 7, '2024-02-12', '2024-03-02', '2024-02-22 08:41:30', '2024-02-22 08:41:30'),
(179, 29, 179, 7, '2024-02-19', '2024-03-02', '2024-02-22 08:41:30', '2024-02-22 08:41:30'),
(180, 29, 180, 7, '2024-02-26', '2024-03-02', '2024-02-22 08:41:30', '2024-02-22 08:41:30');

-- --------------------------------------------------------

--
-- Table structure for table `jadwal_piket_guru`
--

CREATE TABLE `jadwal_piket_guru` (
  `id` bigint UNSIGNED NOT NULL,
  `users_id` bigint UNSIGNED NOT NULL,
  `event_jadwal_piket_guru_id` bigint UNSIGNED NOT NULL,
  `tanggal_mulai` date NOT NULL,
  `tanggal_selesai` date NOT NULL,
  `created_at` timestamp NULL DEFAULT NULL,
  `updated_at` timestamp NULL DEFAULT NULL
) ENGINE=InnoDB DEFAULT CHARSET=utf8mb4 COLLATE=utf8mb4_unicode_ci;

-- --------------------------------------------------------

--
-- Table structure for table `jurusan`
--

CREATE TABLE `jurusan` (
  `id` bigint UNSIGNED NOT NULL,
  `nama_jurusan` varchar(255) COLLATE utf8mb4_unicode_ci NOT NULL,
  `kode_jurusan` varchar(255) COLLATE utf8mb4_unicode_ci NOT NULL,
  `created_at` timestamp NULL DEFAULT NULL,
  `updated_at` timestamp NULL DEFAULT NULL
) ENGINE=InnoDB DEFAULT CHARSET=utf8mb4 COLLATE=utf8mb4_unicode_ci;

--
-- Dumping data for table `jurusan`
--

INSERT INTO `jurusan` (`id`, `nama_jurusan`, `kode_jurusan`, `created_at`, `updated_at`) VALUES
(1, 'teknik komputer jaringan', 'TKJ', '2024-02-20 10:37:31', '2024-02-20 10:37:31'),
(2, 'teknik elektronik indsutri', 'TEI', '2024-02-20 10:37:52', '2024-02-20 10:37:52'),
(3, 'Teknik Instalasi Tenaga Listrik', 'TITL', '2024-02-20 10:38:25', '2024-02-20 10:38:25'),
(4, 'teknik elektro', 'TE', '2024-02-20 10:38:56', '2024-02-20 10:38:56'),
(5, 'teknik kendaraan ringan', 'TK', '2024-02-20 10:47:14', '2024-02-20 10:47:14'),
(6, 'Teknik Jaringan Komputer dan Telekomunikasi', 'TJKT', '2024-02-20 10:48:32', '2024-02-20 10:48:32'),
(7, 'Pengembangan Perangkat Lunak dan Gim.', 'PPLG', '2024-02-20 10:48:57', '2024-02-20 10:48:57');

-- --------------------------------------------------------

--
-- Table structure for table `kelas`
--

CREATE TABLE `kelas` (
  `id` bigint UNSIGNED NOT NULL,
  `jurusan_id` bigint UNSIGNED NOT NULL,
  `tingkat_kelas` int NOT NULL,
  `nama_kelas` varchar(255) COLLATE utf8mb4_unicode_ci NOT NULL,
  `kode_kelas` varchar(255) COLLATE utf8mb4_unicode_ci NOT NULL,
  `created_at` timestamp NULL DEFAULT NULL,
  `updated_at` timestamp NULL DEFAULT NULL
) ENGINE=InnoDB DEFAULT CHARSET=utf8mb4 COLLATE=utf8mb4_unicode_ci;

--
-- Dumping data for table `kelas`
--

INSERT INTO `kelas` (`id`, `jurusan_id`, `tingkat_kelas`, `nama_kelas`, `kode_kelas`, `created_at`, `updated_at`) VALUES
(1, 5, 10, 'X TK A', '1', '2024-02-20 10:50:08', '2024-02-20 10:50:08'),
(2, 5, 10, 'X TK B', '2', '2024-02-20 10:50:27', '2024-02-20 10:50:27'),
(3, 4, 10, 'X TE', '3', '2024-02-20 10:50:40', '2024-02-20 10:50:55'),
(4, 7, 10, 'PPLG', '4', '2024-02-20 10:51:43', '2024-02-20 10:51:43'),
(5, 6, 10, 'X TJKT A', '5', '2024-02-20 10:52:03', '2024-02-20 10:52:03'),
(6, 6, 10, 'X TJKT B', '6', '2024-02-20 10:52:16', '2024-02-20 10:52:16'),
(7, 3, 11, 'XI TITL', '7', '2024-02-20 10:53:51', '2024-02-20 11:25:40'),
(8, 2, 11, 'XI TEI', '8', '2024-02-20 11:25:31', '2024-02-20 11:25:31'),
(9, 1, 11, 'XI TKJ', '9', '2024-02-20 11:26:00', '2024-02-20 11:26:00'),
(10, 3, 12, 'XII TITL A', '10', '2024-02-20 11:26:24', '2024-02-20 11:26:24'),
(11, 3, 12, 'XII TITL B', '11', '2024-02-20 11:26:38', '2024-02-20 11:26:38'),
(12, 2, 12, 'XII TEI', '12', '2024-02-20 11:27:00', '2024-02-20 11:27:00'),
(13, 1, 12, 'XII TKJ A', '13', '2024-02-20 11:27:28', '2024-02-20 11:27:28');

-- --------------------------------------------------------

--
-- Table structure for table `mapel`
--

CREATE TABLE `mapel` (
  `id` bigint UNSIGNED NOT NULL,
  `nama_mapel` varchar(255) COLLATE utf8mb4_unicode_ci NOT NULL,
  `kode_mapel` varchar(255) COLLATE utf8mb4_unicode_ci NOT NULL,
  `created_at` timestamp NULL DEFAULT NULL,
  `updated_at` timestamp NULL DEFAULT NULL
) ENGINE=InnoDB DEFAULT CHARSET=utf8mb4 COLLATE=utf8mb4_unicode_ci;

--
-- Dumping data for table `mapel`
--

INSERT INTO `mapel` (`id`, `nama_mapel`, `kode_mapel`, `created_at`, `updated_at`) VALUES
(1, 'pjok', 'pjok', '2024-02-20 10:28:00', '2024-02-20 10:28:00'),
(2, 'ddpk', 'ddpk', '2024-02-20 10:28:15', '2024-02-20 10:28:15'),
(3, 'bindo', 'bindo', '2024-02-20 10:28:25', '2024-02-20 10:28:25'),
(4, 'mtk', 'mtk', '2024-02-20 10:28:34', '2024-02-20 10:28:34'),
(5, 'senbud', 'senub', '2024-02-20 10:28:41', '2024-02-20 10:28:41'),
(6, 'bing', 'bing', '2024-02-20 10:28:57', '2024-02-20 10:28:57'),
(7, 'proyekIpas', 'proyekIpas', '2024-02-20 10:29:08', '2024-02-20 10:29:08'),
(8, 'PAI', 'PAI', '2024-02-20 10:29:15', '2024-02-20 10:29:15'),
(9, 'informatika', 'informatika', '2024-02-20 10:29:39', '2024-02-20 10:29:39'),
(10, 'pkn', 'pkn', '2024-02-20 10:30:36', '2024-02-20 10:30:36'),
(11, 'sejarah', 'sejarah', '2024-02-20 10:30:42', '2024-02-20 10:30:42'),
(12, 'keminangkabauan', 'keminangkabauan', '2024-02-20 10:30:51', '2024-02-20 10:30:51'),
(13, 'dasarRpl', 'dasarRpl', '2024-02-20 10:31:39', '2024-02-20 10:31:39'),
(14, 'dasarTkjT', 'dasarTkjT', '2024-02-20 10:31:57', '2024-02-20 10:31:57'),
(15, 'Troubleshooting', 'Troubleshooting', '2024-02-20 10:32:41', '2024-02-20 10:32:41'),
(16, 'kosentrasiKeahlian', 'kosentrasiKeahlian', '2024-02-20 10:33:02', '2024-02-20 10:33:02'),
(17, 'PKK', 'PKK', '2024-02-20 10:33:15', '2024-02-20 10:33:15'),
(18, 'MapelPilihan', 'MapelPilihan', '2024-02-20 10:33:35', '2024-02-20 10:33:35'),
(19, 'cctv', 'cctv', '2024-02-20 10:33:59', '2024-02-20 10:33:59'),
(20, 'PPl', 'PPl', '2024-02-20 10:34:16', '2024-02-20 10:34:16'),
(21, 'ITL', 'ITL', '2024-02-20 10:34:45', '2024-02-20 10:34:45'),
(22, 'IMl', 'IMl', '2024-02-20 10:34:54', '2024-02-20 10:34:54'),
(23, 'b.jepang', 'b.jepang', '2024-02-20 10:35:07', '2024-02-20 10:35:07'),
(24, 'bk', 'bk', '2024-02-20 10:35:14', '2024-02-20 10:35:14'),
(25, 'ipl', 'ipl', '2024-02-20 10:35:25', '2024-02-20 10:35:25'),
(26, 'pre', 'pre', '2024-02-20 10:35:53', '2024-02-20 10:35:53'),
(27, 'p4e', 'p4e', '2024-02-20 10:36:08', '2024-02-20 10:36:08'),
(28, 'psr', 'psr', '2024-02-20 10:36:16', '2024-02-20 10:36:16'),
(29, 'spe', 'spe', '2024-02-20 10:36:26', '2024-02-20 10:36:26'),
(30, 'tlj', 'tlj', '2024-02-20 10:36:39', '2024-02-20 10:36:39'),
(31, 'alj', 'alj', '2024-02-20 10:36:46', '2024-02-20 10:36:46'),
(32, 'asj', 'asj', '2024-02-20 10:36:59', '2024-02-20 10:36:59');

-- --------------------------------------------------------

--
-- Table structure for table `migrations`
--

CREATE TABLE `migrations` (
  `id` int UNSIGNED NOT NULL,
  `migration` varchar(255) COLLATE utf8mb4_unicode_ci NOT NULL,
  `batch` int NOT NULL
) ENGINE=InnoDB DEFAULT CHARSET=utf8mb4 COLLATE=utf8mb4_unicode_ci;

--
-- Dumping data for table `migrations`
--

INSERT INTO `migrations` (`id`, `migration`, `batch`) VALUES
(1, '2014_10_12_000000_create_users_table', 1),
(2, '2014_10_12_100000_create_password_reset_tokens_table', 1),
(3, '2019_08_19_000000_create_failed_jobs_table', 1),
(4, '2019_12_14_000001_create_personal_access_tokens_table', 1),
(5, '2024_01_09_133845_create_mapels_table', 1),
(6, '2024_01_09_144422_create_jurusans_table', 1),
(7, '2024_01_09_145027_create_kelas_table', 1),
(8, '2024_01_18_172049_create_guru_mapels_table', 1),
(9, '2024_01_23_051940_create_jadwal_mengajars_table', 1),
(10, '2024_02_04_043648_create_event_jadwal_mengajars_table', 1),
(11, '2024_02_08_085230_create_event_jadwal_piket_gurus_table', 1),
(12, '2024_02_08_085253_create_jadwal_piket_gurus_table', 1),
(13, '2024_02_13_225037_create_rpps_table', 1);

-- --------------------------------------------------------

--
-- Table structure for table `password_reset_tokens`
--

CREATE TABLE `password_reset_tokens` (
  `email` varchar(255) COLLATE utf8mb4_unicode_ci NOT NULL,
  `token` varchar(255) COLLATE utf8mb4_unicode_ci NOT NULL,
  `created_at` timestamp NULL DEFAULT NULL
) ENGINE=InnoDB DEFAULT CHARSET=utf8mb4 COLLATE=utf8mb4_unicode_ci;

-- --------------------------------------------------------

--
-- Table structure for table `personal_access_tokens`
--

CREATE TABLE `personal_access_tokens` (
  `id` bigint UNSIGNED NOT NULL,
  `tokenable_type` varchar(255) COLLATE utf8mb4_unicode_ci NOT NULL,
  `tokenable_id` bigint UNSIGNED NOT NULL,
  `name` varchar(255) COLLATE utf8mb4_unicode_ci NOT NULL,
  `token` varchar(64) COLLATE utf8mb4_unicode_ci NOT NULL,
  `abilities` text COLLATE utf8mb4_unicode_ci,
  `last_used_at` timestamp NULL DEFAULT NULL,
  `expires_at` timestamp NULL DEFAULT NULL,
  `created_at` timestamp NULL DEFAULT NULL,
  `updated_at` timestamp NULL DEFAULT NULL
) ENGINE=InnoDB DEFAULT CHARSET=utf8mb4 COLLATE=utf8mb4_unicode_ci;

-- --------------------------------------------------------

--
-- Table structure for table `rpp`
--

CREATE TABLE `rpp` (
  `id` bigint UNSIGNED NOT NULL,
  `guru_mapel_id` bigint UNSIGNED NOT NULL,
  `materi_pokok` varchar(255) COLLATE utf8mb4_unicode_ci NOT NULL,
  `jumlah_pertemuan` int NOT NULL,
  `created_at` timestamp NULL DEFAULT NULL,
  `updated_at` timestamp NULL DEFAULT NULL
) ENGINE=InnoDB DEFAULT CHARSET=utf8mb4 COLLATE=utf8mb4_unicode_ci;

-- --------------------------------------------------------

--
-- Table structure for table `users`
--

CREATE TABLE `users` (
  `id` bigint UNSIGNED NOT NULL,
  `name` varchar(255) COLLATE utf8mb4_unicode_ci NOT NULL,
  `nomor_induk` varchar(255) COLLATE utf8mb4_unicode_ci NOT NULL,
  `email` varchar(255) COLLATE utf8mb4_unicode_ci NOT NULL,
  `password` varchar(255) COLLATE utf8mb4_unicode_ci NOT NULL,
  `role` enum('admin','wakil kurikulum','guru mapel','guru piket','siswa') COLLATE utf8mb4_unicode_ci NOT NULL DEFAULT 'siswa',
  `remember_token` varchar(100) COLLATE utf8mb4_unicode_ci DEFAULT NULL,
  `created_at` timestamp NULL DEFAULT NULL,
  `updated_at` timestamp NULL DEFAULT NULL
) ENGINE=InnoDB DEFAULT CHARSET=utf8mb4 COLLATE=utf8mb4_unicode_ci;

--
-- Dumping data for table `users`
--

INSERT INTO `users` (`id`, `name`, `nomor_induk`, `email`, `password`, `role`, `remember_token`, `created_at`, `updated_at`) VALUES
(1, 'Test admin', '001', 'admin@example.com', '$2y$12$x045NXO6joGQBjcxgkdxv.gs6nTct4WdMCAF2zi7XVSSXzF9UYcaa', 'admin', NULL, '2024-02-20 10:26:19', '2024-02-20 10:26:19'),
(2, 'Test wakur', '002', 'wakur@example.com', '$2y$12$xEFeg481t/o7yYJkWeHqtuK.lISM4S20RTLEEbL6iREWmOexdy3Rq', 'wakil kurikulum', NULL, '2024-02-20 10:26:19', '2024-02-20 10:26:19'),
(3, 'Pendra', '101', 'guru1@guru.com', '$2y$12$.4jM2FQDrk9MtLqoOPHbje043XeVHzvxJkvZuhzc88bs5bUwVaAsG', 'guru mapel', NULL, '2024-02-20 11:28:44', '2024-02-20 11:32:10'),
(4, 'riny s', '102', 'guru2@gmail.com', '$2y$12$HVvie/poyfcLY9znahmhquxT5qvNOqBNlWgzYPTSg1Kq.lR11ABBK', 'guru mapel', NULL, '2024-02-20 11:29:03', '2024-02-20 11:29:03'),
(5, 'dea', '103', 'guru3@gmail.com', '$2y$12$yThMMQSytuaFFOggxoMFieB3fKHUbAWdgSqoxXArkIjhAXJR6g8Nm', 'guru mapel', NULL, '2024-02-20 11:29:29', '2024-02-20 11:29:29'),
(6, 'M tanjung', '104', 'guru4@gmail.com', '$2y$12$nxbsOiGs9ioq.HnNQ5.4b.y97btK1TCztBjPXvfKmDhP80lFeVuu.', 'guru mapel', NULL, '2024-02-20 11:30:13', '2024-02-20 11:30:13'),
(7, 'LucyM', '105', 'guru5@gmail.com', '$2y$12$0VC3SHojA0e2PeRAnUV.VeCh/x6EouZO6CJSzew6EwtSuTIZ6ohdS', 'guru mapel', NULL, '2024-02-20 11:30:42', '2024-02-20 11:30:42'),
(8, 'Ledia', '106', 'guru6@gmail.com', '$2y$12$Yhcrb1MVMW1R86zGeTmlCusOp3kzNiAGfi3Frk.Wi/CZzGmFcxehW', 'guru mapel', NULL, '2024-02-20 11:31:11', '2024-02-20 11:31:11'),
(9, 'Imel', '107', 'guru7@gmail.com', '$2y$12$wbtj3BZoi1jO5woq0HliIe6cD6XGh3WO925IOR/46G6GRWFbu/qC6', 'guru mapel', NULL, '2024-02-20 11:31:53', '2024-02-20 11:32:00'),
(10, 'Heri', '108', 'guru8@gmail.com', '$2y$12$yVaCPHe/Zp9s4XM0lzekeeHWacYLPsLOTK/jhNR3B3Ll4Q9.TeM9K', 'guru mapel', NULL, '2024-02-20 11:32:35', '2024-02-20 11:32:35'),
(11, 'Rika', '109', 'guru9@gmail.com', '$2y$12$l42g0z6QCaLVoua5rh9xQeceWPT72itT.dd71Aiv792X6ZMRhm802', 'guru mapel', NULL, '2024-02-20 11:33:07', '2024-02-20 11:33:07'),
(12, 'Devi', '111', 'guru11@gmail.com', '$2y$12$LXh3f59bMem6hYtSnOUPKuv8EIIZOqEW.LgFhunC2wiwL/WgpClIO', 'guru mapel', NULL, '2024-02-20 11:33:30', '2024-02-20 11:33:30'),
(13, 'Yeni', '112', 'guru12@gmail.com', '$2y$12$jv42iN3OEP5SdQM6fjQLVOi.5VrSk3WWZ67wssDB4tq27HsGzlQCu', 'guru mapel', NULL, '2024-02-20 11:35:29', '2024-02-20 11:35:29'),
(14, 'Des', '113', 'guru13@gmail.com', '$2y$12$jTp3BpYQEWebLu6P3WdvFe7P1seRw1e09lDP.ayfZFUbXXYWcbrcy', 'guru mapel', NULL, '2024-02-20 11:36:05', '2024-02-20 11:36:05'),
(15, 'Dina', '114', 'guru14@gmail.com', '$2y$12$FCF41.9BY.hTfKmSo78yHez.n4WGQnEwJ3LHCzgb/8oJf0iSNIgEy', 'guru mapel', NULL, '2024-02-20 11:36:43', '2024-02-20 11:36:43'),
(16, 'Srinila', '115', 'guru15@gmail.com', '$2y$12$Nhy0Wbs3aPvqAZ6ECUhJEe8jUdglt.cRSQ01nyLteUkwrsU/mdUzC', 'guru mapel', NULL, '2024-02-20 11:37:35', '2024-02-20 11:37:35'),
(17, 'Arjes', '116', 'guru16@gmail.com', '$2y$12$FekOmqU5cYKBQsa0ajqMZuHa3tt4PE7EOe.VO9Z928xk3lKFLT9x6', 'guru mapel', NULL, '2024-02-20 11:37:56', '2024-02-20 11:37:56'),
(18, 'Eka', '117', 'guru17@gmail.com', '$2y$12$wXUlczhUcjBtU6kInryDWOE7eFmxvi0uYEjPuqia5JgZcJPNUIEP6', 'guru mapel', NULL, '2024-02-20 11:38:53', '2024-02-20 11:38:53'),
(19, 'MAI', '118', 'guru18@gmail.com', '$2y$12$SZp7pyuQcvIyiCwwYNo.v.qW92QVSW5Yw1tkPMPpi0ONUYoC3UTUq', 'guru mapel', NULL, '2024-02-20 11:39:56', '2024-02-20 11:39:56'),
(20, 'Wini R', '119', 'guru19@gmail.com', '$2y$12$oZ3FQBN1mbnBDjrJ9C/Cn.qaFNpRbd2N103juxc4uCIGVS4PnfaWe', 'guru mapel', NULL, '2024-02-20 11:40:25', '2024-02-20 11:40:25'),
(21, 'Fit', '120', 'guru20@gmail.com', '$2y$12$eVYHQZA38ene3bdTNoI2J.kmDLftkzmSk/KJlohHRLZzs7djojwka', 'guru mapel', NULL, '2024-02-20 11:40:44', '2024-02-20 11:40:44'),
(22, 'Andi', '121', 'guru21@gmail.com', '$2y$12$Uz8yG38851R3VaVrFA650OVNHzXBnkqVgsNryvGeKEV3lV6jqmwYG', 'guru mapel', NULL, '2024-02-20 11:41:45', '2024-02-20 11:41:45'),
(23, 'Gita', '122', 'guru22@gmail.com', '$2y$12$KmLPCvIpFUtAJQZ8fDASDOkTvenktZOtYPLw8vdyTOg75vSsyb.cq', 'guru mapel', NULL, '2024-02-20 11:42:10', '2024-02-20 11:42:10'),
(24, 'Ilmi', '123', 'guru23@gmail.com', '$2y$12$b/XwG4Xph0582cWWbmDomeam3ywpx00KTQhCMDImNMGvFey5291b6', 'guru mapel', NULL, '2024-02-20 11:42:57', '2024-02-20 11:42:57'),
(25, 'Winy H', '124', 'guru24@gmail.com', '$2y$12$ryRi3kr6aGQ5RBjLcryVuuU4hd227SIY4JS/ts0o9lfyObikHoEqK', 'guru mapel', NULL, '2024-02-20 11:43:31', '2024-02-20 11:43:31'),
(26, 'Yanti', '125', 'guru25@gmail.com', '$2y$12$l6hrflwPKdFLUzwBG90tAemmexysax6ZhHUZQiwHWyFeZg7.1swxK', 'guru mapel', NULL, '2024-02-20 11:44:01', '2024-02-20 11:44:01'),
(27, 'Teti', '126', 'guru26@gmail.com', '$2y$12$dWUlSF5ARI3Vcs3N.PRSaeMf97N4dnxeaW0bjLLR2VJINNE.V/utm', 'guru mapel', NULL, '2024-02-20 11:45:04', '2024-02-20 11:45:04'),
(28, 'Riko', '127', 'guru27@gmail.com', '$2y$12$DAgsnyWeGNi/fpTsujT1YeNWBxzfOPffDAoaOwxn2GR4os5fYvDDe', 'guru mapel', NULL, '2024-02-20 11:45:36', '2024-02-20 11:45:36'),
(29, 'Anti', '128', 'guru28@gmail.com', '$2y$12$fQfmjyWXJm8UyPjMRYDWsejcABKrGssgDKdtvbJ06rk.965qdrzCe', 'guru mapel', NULL, '2024-02-20 11:47:12', '2024-02-20 11:47:12'),
(30, 'Riki', '129', 'guru29@gmail.com', '$2y$12$T1iAaHijnFApAxK8.B5DHOYNTCSKj2RWLqy7ayCSeFqeRQyirNTJy', 'guru mapel', NULL, '2024-02-20 11:49:12', '2024-02-20 11:49:12'),
(31, 'Fuad', '130', 'guru30@gmail.com', '$2y$12$paG3X0b/lG4z8vF/JQfxueB0OGPTzluU3kCiOt8swxoTtsxXkUhja', 'guru mapel', NULL, '2024-02-20 11:49:52', '2024-02-20 11:49:52');

--
-- Indexes for dumped tables
--

--
-- Indexes for table `event_jadwal_mengajar`
--
ALTER TABLE `event_jadwal_mengajar`
  ADD PRIMARY KEY (`id`);

--
-- Indexes for table `event_jadwal_piket_guru`
--
ALTER TABLE `event_jadwal_piket_guru`
  ADD PRIMARY KEY (`id`);

--
-- Indexes for table `failed_jobs`
--
ALTER TABLE `failed_jobs`
  ADD PRIMARY KEY (`id`),
  ADD UNIQUE KEY `failed_jobs_uuid_unique` (`uuid`);

--
-- Indexes for table `guru_mapel`
--
ALTER TABLE `guru_mapel`
  ADD PRIMARY KEY (`id`),
  ADD KEY `guru_mapel_users_id_foreign` (`users_id`),
  ADD KEY `guru_mapel_mapel_id_foreign` (`mapel_id`),
  ADD KEY `guru_mapel_kelas_id_foreign` (`kelas_id`);

--
-- Indexes for table `jadwal_mengajar`
--
ALTER TABLE `jadwal_mengajar`
  ADD PRIMARY KEY (`id`);

--
-- Indexes for table `jadwal_piket_guru`
--
ALTER TABLE `jadwal_piket_guru`
  ADD PRIMARY KEY (`id`),
  ADD KEY `jadwal_piket_guru_users_id_foreign` (`users_id`);

--
-- Indexes for table `jurusan`
--
ALTER TABLE `jurusan`
  ADD PRIMARY KEY (`id`),
  ADD UNIQUE KEY `jurusan_kode_jurusan_unique` (`kode_jurusan`);

--
-- Indexes for table `kelas`
--
ALTER TABLE `kelas`
  ADD PRIMARY KEY (`id`);

--
-- Indexes for table `mapel`
--
ALTER TABLE `mapel`
  ADD PRIMARY KEY (`id`),
  ADD UNIQUE KEY `mapel_nama_mapel_unique` (`nama_mapel`),
  ADD UNIQUE KEY `mapel_kode_mapel_unique` (`kode_mapel`);

--
-- Indexes for table `migrations`
--
ALTER TABLE `migrations`
  ADD PRIMARY KEY (`id`);

--
-- Indexes for table `password_reset_tokens`
--
ALTER TABLE `password_reset_tokens`
  ADD PRIMARY KEY (`email`);

--
-- Indexes for table `personal_access_tokens`
--
ALTER TABLE `personal_access_tokens`
  ADD PRIMARY KEY (`id`),
  ADD UNIQUE KEY `personal_access_tokens_token_unique` (`token`),
  ADD KEY `personal_access_tokens_tokenable_type_tokenable_id_index` (`tokenable_type`,`tokenable_id`);

--
-- Indexes for table `rpp`
--
ALTER TABLE `rpp`
  ADD PRIMARY KEY (`id`),
  ADD KEY `rpp_guru_mapel_id_foreign` (`guru_mapel_id`);

--
-- Indexes for table `users`
--
ALTER TABLE `users`
  ADD PRIMARY KEY (`id`),
  ADD UNIQUE KEY `users_nomor_induk_unique` (`nomor_induk`),
  ADD UNIQUE KEY `users_email_unique` (`email`);

--
-- AUTO_INCREMENT for dumped tables
--

--
-- AUTO_INCREMENT for table `event_jadwal_mengajar`
--
ALTER TABLE `event_jadwal_mengajar`
  MODIFY `id` bigint UNSIGNED NOT NULL AUTO_INCREMENT, AUTO_INCREMENT=181;

--
-- AUTO_INCREMENT for table `event_jadwal_piket_guru`
--
ALTER TABLE `event_jadwal_piket_guru`
  MODIFY `id` bigint UNSIGNED NOT NULL AUTO_INCREMENT;

--
-- AUTO_INCREMENT for table `failed_jobs`
--
ALTER TABLE `failed_jobs`
  MODIFY `id` bigint UNSIGNED NOT NULL AUTO_INCREMENT;

--
-- AUTO_INCREMENT for table `guru_mapel`
--
ALTER TABLE `guru_mapel`
  MODIFY `id` bigint UNSIGNED NOT NULL AUTO_INCREMENT, AUTO_INCREMENT=30;

--
-- AUTO_INCREMENT for table `jadwal_mengajar`
--
ALTER TABLE `jadwal_mengajar`
  MODIFY `id` bigint UNSIGNED NOT NULL AUTO_INCREMENT, AUTO_INCREMENT=181;

--
-- AUTO_INCREMENT for table `jadwal_piket_guru`
--
ALTER TABLE `jadwal_piket_guru`
  MODIFY `id` bigint UNSIGNED NOT NULL AUTO_INCREMENT;

--
-- AUTO_INCREMENT for table `jurusan`
--
ALTER TABLE `jurusan`
  MODIFY `id` bigint UNSIGNED NOT NULL AUTO_INCREMENT, AUTO_INCREMENT=8;

--
-- AUTO_INCREMENT for table `kelas`
--
ALTER TABLE `kelas`
  MODIFY `id` bigint UNSIGNED NOT NULL AUTO_INCREMENT, AUTO_INCREMENT=14;

--
-- AUTO_INCREMENT for table `mapel`
--
ALTER TABLE `mapel`
  MODIFY `id` bigint UNSIGNED NOT NULL AUTO_INCREMENT, AUTO_INCREMENT=33;

--
-- AUTO_INCREMENT for table `migrations`
--
ALTER TABLE `migrations`
  MODIFY `id` int UNSIGNED NOT NULL AUTO_INCREMENT, AUTO_INCREMENT=14;

--
-- AUTO_INCREMENT for table `personal_access_tokens`
--
ALTER TABLE `personal_access_tokens`
  MODIFY `id` bigint UNSIGNED NOT NULL AUTO_INCREMENT;

--
-- AUTO_INCREMENT for table `rpp`
--
ALTER TABLE `rpp`
  MODIFY `id` bigint UNSIGNED NOT NULL AUTO_INCREMENT;

--
-- AUTO_INCREMENT for table `users`
--
ALTER TABLE `users`
  MODIFY `id` bigint UNSIGNED NOT NULL AUTO_INCREMENT, AUTO_INCREMENT=32;

--
-- Constraints for dumped tables
--

--
-- Constraints for table `guru_mapel`
--
ALTER TABLE `guru_mapel`
  ADD CONSTRAINT `guru_mapel_kelas_id_foreign` FOREIGN KEY (`kelas_id`) REFERENCES `kelas` (`id`) ON DELETE CASCADE ON UPDATE CASCADE,
  ADD CONSTRAINT `guru_mapel_mapel_id_foreign` FOREIGN KEY (`mapel_id`) REFERENCES `mapel` (`id`) ON DELETE CASCADE ON UPDATE CASCADE,
  ADD CONSTRAINT `guru_mapel_users_id_foreign` FOREIGN KEY (`users_id`) REFERENCES `users` (`id`) ON DELETE CASCADE ON UPDATE CASCADE;

--
-- Constraints for table `jadwal_piket_guru`
--
ALTER TABLE `jadwal_piket_guru`
  ADD CONSTRAINT `jadwal_piket_guru_users_id_foreign` FOREIGN KEY (`users_id`) REFERENCES `users` (`id`) ON DELETE CASCADE ON UPDATE CASCADE;

--
-- Constraints for table `rpp`
--
ALTER TABLE `rpp`
  ADD CONSTRAINT `rpp_guru_mapel_id_foreign` FOREIGN KEY (`guru_mapel_id`) REFERENCES `guru_mapel` (`id`);
COMMIT;

/*!40101 SET CHARACTER_SET_CLIENT=@OLD_CHARACTER_SET_CLIENT */;
/*!40101 SET CHARACTER_SET_RESULTS=@OLD_CHARACTER_SET_RESULTS */;
/*!40101 SET COLLATION_CONNECTION=@OLD_COLLATION_CONNECTION */;
